subj	sess	spkr	UTT	TOK	TYP	MLU
115	6	P	305	1389	296	4.55409836066
115	6	C	345	1359	254	3.93913043478
